scope,run,split_seed,model,precision,recall,f1,tp,fp,fn,tn
all,1,7,NB,1.0,0.005494505494505495,0.01092896174863388,1,0,181,932
all,1,7,LR,0.6047430830039525,0.8406593406593407,0.7034482758620689,153,100,29,832
all,1,7,SVM,0.7222222222222222,0.7142857142857143,0.7182320441988951,130,50,52,882
all,2,8,NB,0.0,0.0,0.0,0,0,182,932
all,2,8,LR,0.6329113924050633,0.8241758241758241,0.7159904534606205,150,87,32,845
all,2,8,SVM,0.7189189189189189,0.7307692307692307,0.7247956403269755,133,52,49,880
all,3,9,NB,0.0,0.0,0.0,0,0,182,932
all,3,9,LR,0.6324786324786325,0.8131868131868132,0.7115384615384616,148,86,34,846
all,3,9,SVM,0.7288135593220338,0.7087912087912088,0.7186629526462396,129,48,53,884
all,4,10,NB,1.0,0.005494505494505495,0.01092896174863388,1,0,181,932
all,4,10,LR,0.6153846153846154,0.7912087912087912,0.6923076923076923,144,90,38,842
all,4,10,SVM,0.7028571428571428,0.6758241758241759,0.6890756302521008,123,52,59,880
all,5,11,NB,0.0,0.0,0.0,0,0,182,932
all,5,11,LR,0.6150627615062761,0.8076923076923077,0.6983372921615202,147,92,35,840
all,5,11,SVM,0.7191011235955056,0.7032967032967034,0.7111111111111111,128,50,54,882
all,6,12,NB,0.0,0.0,0.0,0,0,182,932
all,6,12,LR,0.6160337552742616,0.8021978021978022,0.6968973747016707,146,91,36,841
all,6,12,SVM,0.7126436781609196,0.6813186813186813,0.6966292134831461,124,50,58,882
all,7,13,NB,0.0,0.0,0.0,0,0,182,932
all,7,13,LR,0.6441441441441441,0.7857142857142857,0.7079207920792079,143,79,39,853
all,7,13,SVM,0.7017543859649122,0.6593406593406593,0.6798866855524079,120,51,62,881
all,8,14,NB,0.0,0.0,0.0,0,0,182,932
all,8,14,LR,0.6271929824561403,0.7857142857142857,0.697560975609756,143,85,39,847
all,8,14,SVM,0.75,0.6758241758241759,0.7109826589595376,123,41,59,891
all,9,15,NB,0.0,0.0,0.0,0,0,182,932
all,9,15,LR,0.6437768240343348,0.8241758241758241,0.7228915662650602,150,83,32,849
all,9,15,SVM,0.7377049180327869,0.7417582417582418,0.7397260273972602,135,48,47,884
all,10,16,NB,0.0,0.0,0.0,0,0,182,932
all,10,16,LR,0.6559633027522935,0.7857142857142857,0.715,143,75,39,857
all,10,16,SVM,0.7654320987654321,0.6813186813186813,0.7209302325581395,124,38,58,894
all,11,17,NB,0.0,0.0,0.0,0,0,182,932
all,11,17,LR,0.6111111111111112,0.8461538461538461,0.7096774193548387,154,98,28,834
all,11,17,SVM,0.7,0.7692307692307693,0.7329842931937173,140,60,42,872
all,12,18,NB,0.0,0.0,0.0,0,0,182,932
all,12,18,LR,0.5766129032258065,0.7857142857142857,0.6651162790697674,143,105,39,827
all,12,18,SVM,0.6988636363636364,0.6758241758241759,0.6871508379888268,123,53,59,879
all,13,19,NB,0.0,0.0,0.0,0,0,182,932
all,13,19,LR,0.6153846153846154,0.7912087912087912,0.6923076923076923,144,90,38,842
all,13,19,SVM,0.7109826589595376,0.6758241758241759,0.6929577464788732,123,50,59,882
all,14,20,NB,0.0,0.0,0.0,0,0,182,932
all,14,20,LR,0.6519823788546255,0.8131868131868132,0.7237163814180929,148,79,34,853
all,14,20,SVM,0.7514450867052023,0.7142857142857143,0.7323943661971831,130,43,52,889
all,15,21,NB,0.0,0.0,0.0,0,0,182,932
all,15,21,LR,0.6134453781512605,0.8021978021978022,0.6952380952380952,146,92,36,840
all,15,21,SVM,0.7425149700598802,0.6813186813186813,0.7106017191977078,124,43,58,889
all,16,22,NB,0.0,0.0,0.0,0,0,182,932
all,16,22,LR,0.6095617529880478,0.8406593406593407,0.7066974595842956,153,98,29,834
all,16,22,SVM,0.7513227513227513,0.7802197802197802,0.7654986522911051,142,47,40,885
all,17,23,NB,0.0,0.0,0.0,0,0,182,932
all,17,23,LR,0.6419213973799127,0.8076923076923077,0.7153284671532847,147,82,35,850
all,17,23,SVM,0.7111111111111111,0.7032967032967034,0.7071823204419889,128,52,54,880
all,18,24,NB,0.0,0.0,0.0,0,0,182,932
all,18,24,LR,0.6457399103139013,0.7912087912087912,0.7111111111111111,144,79,38,853
all,18,24,SVM,0.7636363636363637,0.6923076923076923,0.7262247838616714,126,39,56,893
all,19,25,NB,0.0,0.0,0.0,0,0,182,932
all,19,25,LR,0.6339285714285714,0.7802197802197802,0.6995073891625616,142,82,40,850
all,19,25,SVM,0.7558139534883721,0.7142857142857143,0.7344632768361582,130,42,52,890
all,20,26,NB,0.0,0.0,0.0,0,0,182,932
all,20,26,LR,0.5958333333333333,0.7857142857142857,0.6777251184834123,143,97,39,835
all,20,26,SVM,0.6947368421052632,0.7252747252747253,0.7096774193548387,132,58,50,874
all,21,27,NB,0.0,0.0,0.0,0,0,182,932
all,21,27,LR,0.6140350877192983,0.7692307692307693,0.6829268292682927,140,88,42,844
all,21,27,SVM,0.7262569832402235,0.7142857142857143,0.7202216066481995,130,49,52,883
all,22,28,NB,0.0,0.0,0.0,0,0,182,932
all,22,28,LR,0.608,0.8351648351648352,0.7037037037037037,152,98,30,834
all,22,28,SVM,0.7377049180327869,0.7417582417582418,0.7397260273972602,135,48,47,884
all,23,29,NB,0.0,0.0,0.0,0,0,182,932
all,23,29,LR,0.6313559322033898,0.8186813186813187,0.7129186602870813,149,87,33,845
all,23,29,SVM,0.7556818181818182,0.7307692307692307,0.7430167597765364,133,43,49,889
all,24,30,NB,1.0,0.005494505494505495,0.01092896174863388,1,0,181,932
all,24,30,LR,0.6405529953917051,0.7637362637362637,0.6967418546365914,139,78,43,854
all,24,30,SVM,0.7341772151898734,0.6373626373626373,0.6823529411764706,116,42,66,890
all,25,31,NB,0.0,0.0,0.0,0,0,182,932
all,25,31,LR,0.6437768240343348,0.8241758241758241,0.7228915662650602,150,83,32,849
all,25,31,SVM,0.7401129943502824,0.7197802197802198,0.7298050139275766,131,46,51,886
all,26,32,NB,0.0,0.0,0.0,0,0,182,932
all,26,32,LR,0.6008403361344538,0.7857142857142857,0.680952380952381,143,95,39,837
all,26,32,SVM,0.6544502617801047,0.6868131868131868,0.6702412868632708,125,66,57,866
all,27,33,NB,0.0,0.0,0.0,0,0,182,932
all,27,33,LR,0.6196581196581197,0.7967032967032966,0.6971153846153846,145,89,37,843
all,27,33,SVM,0.6931818181818182,0.6703296703296703,0.6815642458100558,122,54,60,878
all,28,34,NB,0.0,0.0,0.0,0,0,182,932
all,28,34,LR,0.6127659574468085,0.7912087912087912,0.6906474820143885,144,91,38,841
all,28,34,SVM,0.7017543859649122,0.6593406593406593,0.6798866855524079,120,51,62,881
all,29,35,NB,0.0,0.0,0.0,0,0,182,932
all,29,35,LR,0.6696035242290749,0.8351648351648352,0.7432762836185819,152,75,30,857
all,29,35,SVM,0.7528089887640449,0.7362637362637363,0.7444444444444445,134,44,48,888
all,30,36,NB,0.0,0.0,0.0,0,0,182,932
all,30,36,LR,0.6081081081081081,0.7417582417582418,0.6683168316831684,135,87,47,845
all,30,36,SVM,0.6971428571428572,0.6703296703296703,0.6834733893557423,122,53,60,879
caffe,1,7,NB,0.0,0.0,0.0,0,0,10,76
caffe,1,7,LR,0.2,0.1,0.13333333333333333,1,4,9,72
caffe,1,7,SVM,0.0,0.0,0.0,0,1,10,75
caffe,2,8,NB,0.0,0.0,0.0,0,0,10,76
caffe,2,8,LR,0.5,0.4,0.4444444444444444,4,4,6,72
caffe,2,8,SVM,0.75,0.3,0.42857142857142855,3,1,7,75
caffe,3,9,NB,0.0,0.0,0.0,0,0,10,76
caffe,3,9,LR,0.75,0.6,0.6666666666666666,6,2,4,74
caffe,3,9,SVM,0.6666666666666666,0.4,0.5,4,2,6,74
caffe,4,10,NB,0.0,0.0,0.0,0,0,10,76
caffe,4,10,LR,0.2,0.2,0.2,2,8,8,68
caffe,4,10,SVM,0.5,0.2,0.2857142857142857,2,2,8,74
caffe,5,11,NB,0.0,0.0,0.0,0,0,10,76
caffe,5,11,LR,0.6666666666666666,0.2,0.3076923076923077,2,1,8,75
caffe,5,11,SVM,0.5,0.1,0.16666666666666666,1,1,9,75
caffe,6,12,NB,0.0,0.0,0.0,0,0,10,76
caffe,6,12,LR,0.6666666666666666,0.4,0.5,4,2,6,74
caffe,6,12,SVM,0.8,0.4,0.5333333333333333,4,1,6,75
caffe,7,13,NB,0.0,0.0,0.0,0,0,10,76
caffe,7,13,LR,0.75,0.3,0.42857142857142855,3,1,7,75
caffe,7,13,SVM,1.0,0.3,0.46153846153846156,3,0,7,76
caffe,8,14,NB,0.0,0.0,0.0,0,0,10,76
caffe,8,14,LR,0.3333333333333333,0.2,0.25,2,4,8,72
caffe,8,14,SVM,0.6666666666666666,0.2,0.3076923076923077,2,1,8,75
caffe,9,15,NB,0.0,0.0,0.0,0,0,10,76
caffe,9,15,LR,0.5,0.3,0.375,3,3,7,73
caffe,9,15,SVM,0.5,0.2,0.2857142857142857,2,2,8,74
caffe,10,16,NB,0.0,0.0,0.0,0,0,10,76
caffe,10,16,LR,0.42857142857142855,0.3,0.35294117647058826,3,4,7,72
caffe,10,16,SVM,0.6666666666666666,0.2,0.3076923076923077,2,1,8,75
caffe,11,17,NB,0.0,0.0,0.0,0,0,10,76
caffe,11,17,LR,0.3333333333333333,0.2,0.25,2,4,8,72
caffe,11,17,SVM,0.5,0.2,0.2857142857142857,2,2,8,74
caffe,12,18,NB,0.0,0.0,0.0,0,0,10,76
caffe,12,18,LR,0.6,0.3,0.4,3,2,7,74
caffe,12,18,SVM,1.0,0.2,0.3333333333333333,2,0,8,76
caffe,13,19,NB,0.0,0.0,0.0,0,0,10,76
caffe,13,19,LR,0.5,0.4,0.4444444444444444,4,4,6,72
caffe,13,19,SVM,0.6666666666666666,0.2,0.3076923076923077,2,1,8,75
caffe,14,20,NB,0.0,0.0,0.0,0,0,10,76
caffe,14,20,LR,0.46153846153846156,0.6,0.5217391304347826,6,7,4,69
caffe,14,20,SVM,0.6,0.3,0.4,3,2,7,74
caffe,15,21,NB,0.0,0.0,0.0,0,0,10,76
caffe,15,21,LR,0.4,0.4,0.4,4,6,6,70
caffe,15,21,SVM,0.5,0.4,0.4444444444444444,4,4,6,72
caffe,16,22,NB,0.0,0.0,0.0,0,0,10,76
caffe,16,22,LR,0.6666666666666666,0.4,0.5,4,2,6,74
caffe,16,22,SVM,0.75,0.3,0.42857142857142855,3,1,7,75
caffe,17,23,NB,0.0,0.0,0.0,0,0,10,76
caffe,17,23,LR,0.6,0.3,0.4,3,2,7,74
caffe,17,23,SVM,1.0,0.2,0.3333333333333333,2,0,8,76
caffe,18,24,NB,0.0,0.0,0.0,0,0,10,76
caffe,18,24,LR,0.3125,0.5,0.38461538461538464,5,11,5,65
caffe,18,24,SVM,0.5714285714285714,0.4,0.47058823529411764,4,3,6,73
caffe,19,25,NB,0.0,0.0,0.0,0,0,10,76
caffe,19,25,LR,1.0,0.3,0.46153846153846156,3,0,7,76
caffe,19,25,SVM,1.0,0.2,0.3333333333333333,2,0,8,76
caffe,20,26,NB,0.0,0.0,0.0,0,0,10,76
caffe,20,26,LR,0.25,0.1,0.14285714285714285,1,3,9,73
caffe,20,26,SVM,0.3333333333333333,0.1,0.15384615384615385,1,2,9,74
caffe,21,27,NB,0.0,0.0,0.0,0,0,10,76
caffe,21,27,LR,0.8333333333333334,0.5,0.625,5,1,5,75
caffe,21,27,SVM,0.8,0.4,0.5333333333333333,4,1,6,75
caffe,22,28,NB,0.0,0.0,0.0,0,0,10,76
caffe,22,28,LR,0.6,0.3,0.4,3,2,7,74
caffe,22,28,SVM,1.0,0.3,0.46153846153846156,3,0,7,76
caffe,23,29,NB,0.0,0.0,0.0,0,0,10,76
caffe,23,29,LR,0.625,0.5,0.5555555555555556,5,3,5,73
caffe,23,29,SVM,1.0,0.3,0.46153846153846156,3,0,7,76
caffe,24,30,NB,0.0,0.0,0.0,0,0,10,76
caffe,24,30,LR,0.8333333333333334,0.5,0.625,5,1,5,75
caffe,24,30,SVM,1.0,0.1,0.18181818181818182,1,0,9,76
caffe,25,31,NB,0.0,0.0,0.0,0,0,10,76
caffe,25,31,LR,0.3333333333333333,0.2,0.25,2,4,8,72
caffe,25,31,SVM,0.5,0.1,0.16666666666666666,1,1,9,75
caffe,26,32,NB,0.0,0.0,0.0,0,0,10,76
caffe,26,32,LR,0.5,0.2,0.2857142857142857,2,2,8,74
caffe,26,32,SVM,0.5,0.1,0.16666666666666666,1,1,9,75
caffe,27,33,NB,0.0,0.0,0.0,0,0,10,76
caffe,27,33,LR,1.0,0.2,0.3333333333333333,2,0,8,76
caffe,27,33,SVM,1.0,0.1,0.18181818181818182,1,0,9,76
caffe,28,34,NB,0.0,0.0,0.0,0,0,10,76
caffe,28,34,LR,0.42857142857142855,0.3,0.35294117647058826,3,4,7,72
caffe,28,34,SVM,0.5,0.3,0.375,3,3,7,73
caffe,29,35,NB,0.0,0.0,0.0,0,0,10,76
caffe,29,35,LR,0.4,0.4,0.4,4,6,6,70
caffe,29,35,SVM,0.5,0.3,0.375,3,3,7,73
caffe,30,36,NB,0.0,0.0,0.0,0,0,10,76
caffe,30,36,LR,0.4166666666666667,0.5,0.45454545454545453,5,7,5,69
caffe,30,36,SVM,0.6666666666666666,0.4,0.5,4,2,6,74
incubator-mxnet,1,7,NB,0.0,0.0,0.0,0,0,20,135
incubator-mxnet,1,7,LR,0.7777777777777778,0.35,0.4827586206896552,7,2,13,133
incubator-mxnet,1,7,SVM,0.75,0.3,0.42857142857142855,6,2,14,133
incubator-mxnet,2,8,NB,0.0,0.0,0.0,0,0,20,135
incubator-mxnet,2,8,LR,0.7692307692307693,0.5,0.6060606060606061,10,3,10,132
incubator-mxnet,2,8,SVM,0.8181818181818182,0.45,0.5806451612903226,9,2,11,133
incubator-mxnet,3,9,NB,0.0,0.0,0.0,0,0,20,135
incubator-mxnet,3,9,LR,0.8,0.4,0.5333333333333333,8,2,12,133
incubator-mxnet,3,9,SVM,0.75,0.3,0.42857142857142855,6,2,14,133
incubator-mxnet,4,10,NB,0.0,0.0,0.0,0,0,20,135
incubator-mxnet,4,10,LR,0.5263157894736842,0.5,0.5128205128205128,10,9,10,126
incubator-mxnet,4,10,SVM,0.5384615384615384,0.35,0.42424242424242425,7,6,13,129
incubator-mxnet,5,11,NB,0.0,0.0,0.0,0,0,20,135
incubator-mxnet,5,11,LR,0.6923076923076923,0.45,0.5454545454545454,9,4,11,131
incubator-mxnet,5,11,SVM,0.875,0.35,0.5,7,1,13,134
incubator-mxnet,6,12,NB,0.0,0.0,0.0,0,0,20,135
incubator-mxnet,6,12,LR,0.4117647058823529,0.35,0.3783783783783784,7,10,13,125
incubator-mxnet,6,12,SVM,0.5,0.25,0.3333333333333333,5,5,15,130
incubator-mxnet,7,13,NB,0.0,0.0,0.0,0,0,20,135
incubator-mxnet,7,13,LR,0.631578947368421,0.6,0.6153846153846154,12,7,8,128
incubator-mxnet,7,13,SVM,0.6,0.45,0.5142857142857142,9,6,11,129
incubator-mxnet,8,14,NB,0.0,0.0,0.0,0,0,20,135
incubator-mxnet,8,14,LR,0.6666666666666666,0.5,0.5714285714285714,10,5,10,130
incubator-mxnet,8,14,SVM,0.6363636363636364,0.35,0.45161290322580644,7,4,13,131
incubator-mxnet,9,15,NB,0.0,0.0,0.0,0,0,20,135
incubator-mxnet,9,15,LR,0.5454545454545454,0.3,0.3870967741935484,6,5,14,130
incubator-mxnet,9,15,SVM,0.5555555555555556,0.25,0.3448275862068966,5,4,15,131
incubator-mxnet,10,16,NB,0.0,0.0,0.0,0,0,20,135
incubator-mxnet,10,16,LR,0.47619047619047616,0.5,0.4878048780487805,10,11,10,124
incubator-mxnet,10,16,SVM,0.5833333333333334,0.35,0.4375,7,5,13,130
incubator-mxnet,11,17,NB,0.0,0.0,0.0,0,0,20,135
incubator-mxnet,11,17,LR,0.6875,0.55,0.6111111111111112,11,5,9,130
incubator-mxnet,11,17,SVM,0.6428571428571429,0.45,0.5294117647058824,9,5,11,130
incubator-mxnet,12,18,NB,0.0,0.0,0.0,0,0,20,135
incubator-mxnet,12,18,LR,0.5,0.4,0.4444444444444444,8,8,12,127
incubator-mxnet,12,18,SVM,0.5,0.3,0.375,6,6,14,129
incubator-mxnet,13,19,NB,0.0,0.0,0.0,0,0,20,135
incubator-mxnet,13,19,LR,0.6153846153846154,0.4,0.48484848484848486,8,5,12,130
incubator-mxnet,13,19,SVM,0.7,0.35,0.4666666666666667,7,3,13,132
incubator-mxnet,14,20,NB,0.0,0.0,0.0,0,0,20,135
incubator-mxnet,14,20,LR,0.5833333333333334,0.35,0.4375,7,5,13,130
incubator-mxnet,14,20,SVM,0.7,0.35,0.4666666666666667,7,3,13,132
incubator-mxnet,15,21,NB,0.0,0.0,0.0,0,0,20,135
incubator-mxnet,15,21,LR,0.6,0.45,0.5142857142857142,9,6,11,129
incubator-mxnet,15,21,SVM,0.75,0.45,0.5625,9,3,11,132
incubator-mxnet,16,22,NB,0.0,0.0,0.0,0,0,20,135
incubator-mxnet,16,22,LR,0.6470588235294118,0.55,0.5945945945945946,11,6,9,129
incubator-mxnet,16,22,SVM,0.6666666666666666,0.5,0.5714285714285714,10,5,10,130
incubator-mxnet,17,23,NB,0.0,0.0,0.0,0,0,20,135
incubator-mxnet,17,23,LR,0.5882352941176471,0.5,0.5405405405405406,10,7,10,128
incubator-mxnet,17,23,SVM,0.5833333333333334,0.35,0.4375,7,5,13,130
incubator-mxnet,18,24,NB,0.0,0.0,0.0,0,0,20,135
incubator-mxnet,18,24,LR,0.6153846153846154,0.4,0.48484848484848486,8,5,12,130
incubator-mxnet,18,24,SVM,0.5454545454545454,0.3,0.3870967741935484,6,5,14,130
incubator-mxnet,19,25,NB,0.0,0.0,0.0,0,0,20,135
incubator-mxnet,19,25,LR,0.4666666666666667,0.35,0.4,7,8,13,127
incubator-mxnet,19,25,SVM,0.6666666666666666,0.3,0.41379310344827586,6,3,14,132
incubator-mxnet,20,26,NB,0.0,0.0,0.0,0,0,20,135
incubator-mxnet,20,26,LR,0.7333333333333333,0.55,0.6285714285714286,11,4,9,131
incubator-mxnet,20,26,SVM,0.75,0.45,0.5625,9,3,11,132
incubator-mxnet,21,27,NB,0.0,0.0,0.0,0,0,20,135
incubator-mxnet,21,27,LR,0.7058823529411765,0.6,0.6486486486486487,12,5,8,130
incubator-mxnet,21,27,SVM,0.6923076923076923,0.45,0.5454545454545454,9,4,11,131
incubator-mxnet,22,28,NB,0.0,0.0,0.0,0,0,20,135
incubator-mxnet,22,28,LR,0.47619047619047616,0.5,0.4878048780487805,10,11,10,124
incubator-mxnet,22,28,SVM,0.5294117647058824,0.45,0.4864864864864865,9,8,11,127
incubator-mxnet,23,29,NB,0.0,0.0,0.0,0,0,20,135
incubator-mxnet,23,29,LR,0.6875,0.55,0.6111111111111112,11,5,9,130
incubator-mxnet,23,29,SVM,0.7692307692307693,0.5,0.6060606060606061,10,3,10,132
incubator-mxnet,24,30,NB,0.0,0.0,0.0,0,0,20,135
incubator-mxnet,24,30,LR,0.7894736842105263,0.75,0.7692307692307693,15,4,5,131
incubator-mxnet,24,30,SVM,0.8666666666666667,0.65,0.7428571428571429,13,2,7,133
incubator-mxnet,25,31,NB,0.0,0.0,0.0,0,0,20,135
incubator-mxnet,25,31,LR,0.46153846153846156,0.3,0.36363636363636365,6,7,14,128
incubator-mxnet,25,31,SVM,0.4444444444444444,0.2,0.27586206896551724,4,5,16,130
incubator-mxnet,26,32,NB,0.0,0.0,0.0,0,0,20,135
incubator-mxnet,26,32,LR,0.4,0.3,0.34285714285714286,6,9,14,126
incubator-mxnet,26,32,SVM,0.5555555555555556,0.25,0.3448275862068966,5,4,15,131
incubator-mxnet,27,33,NB,0.0,0.0,0.0,0,0,20,135
incubator-mxnet,27,33,LR,0.6875,0.55,0.6111111111111112,11,5,9,130
incubator-mxnet,27,33,SVM,0.6666666666666666,0.5,0.5714285714285714,10,5,10,130
incubator-mxnet,28,34,NB,0.0,0.0,0.0,0,0,20,135
incubator-mxnet,28,34,LR,0.6923076923076923,0.45,0.5454545454545454,9,4,11,131
incubator-mxnet,28,34,SVM,0.7,0.35,0.4666666666666667,7,3,13,132
incubator-mxnet,29,35,NB,0.0,0.0,0.0,0,0,20,135
incubator-mxnet,29,35,LR,0.75,0.45,0.5625,9,3,11,132
incubator-mxnet,29,35,SVM,0.7142857142857143,0.25,0.37037037037037035,5,2,15,133
incubator-mxnet,30,36,NB,0.0,0.0,0.0,0,0,20,135
incubator-mxnet,30,36,LR,0.5294117647058824,0.45,0.4864864864864865,9,8,11,127
incubator-mxnet,30,36,SVM,0.6428571428571429,0.45,0.5294117647058824,9,5,11,130
keras,1,7,NB,0.0,0.0,0.0,0,0,41,160
keras,1,7,LR,0.5681818181818182,0.6097560975609756,0.5882352941176471,25,19,16,141
keras,1,7,SVM,0.6875,0.5365853658536586,0.6027397260273972,22,10,19,150
keras,2,8,NB,0.0,0.0,0.0,0,0,41,160
keras,2,8,LR,0.7575757575757576,0.6097560975609756,0.6756756756756757,25,8,16,152
keras,2,8,SVM,0.8260869565217391,0.4634146341463415,0.59375,19,4,22,156
keras,3,9,NB,0.0,0.0,0.0,0,0,41,160
keras,3,9,LR,0.6578947368421053,0.6097560975609756,0.6329113924050633,25,13,16,147
keras,3,9,SVM,0.7,0.5121951219512195,0.5915492957746479,21,9,20,151
keras,4,10,NB,0.0,0.0,0.0,0,0,41,160
keras,4,10,LR,0.7741935483870968,0.5853658536585366,0.6666666666666666,24,7,17,153
keras,4,10,SVM,0.875,0.5121951219512195,0.6461538461538462,21,3,20,157
keras,5,11,NB,0.0,0.0,0.0,0,0,41,160
keras,5,11,LR,0.6756756756756757,0.6097560975609756,0.6410256410256411,25,12,16,148
keras,5,11,SVM,0.625,0.36585365853658536,0.46153846153846156,15,9,26,151
keras,6,12,NB,0.0,0.0,0.0,0,0,41,160
keras,6,12,LR,0.8,0.6829268292682927,0.7368421052631579,28,7,13,153
keras,6,12,SVM,0.8636363636363636,0.4634146341463415,0.6031746031746031,19,3,22,157
keras,7,13,NB,0.0,0.0,0.0,0,0,41,160
keras,7,13,LR,0.7368421052631579,0.6829268292682927,0.7088607594936709,28,10,13,150
keras,7,13,SVM,0.8387096774193549,0.6341463414634146,0.7222222222222222,26,5,15,155
keras,8,14,NB,0.0,0.0,0.0,0,0,41,160
keras,8,14,LR,0.7837837837837838,0.7073170731707317,0.7435897435897436,29,8,12,152
keras,8,14,SVM,0.7857142857142857,0.5365853658536586,0.6376811594202898,22,6,19,154
keras,9,15,NB,0.0,0.0,0.0,0,0,41,160
keras,9,15,LR,0.7096774193548387,0.5365853658536586,0.6111111111111112,22,9,19,151
keras,9,15,SVM,0.7916666666666666,0.4634146341463415,0.5846153846153846,19,5,22,155
keras,10,16,NB,0.0,0.0,0.0,0,0,41,160
keras,10,16,LR,0.5588235294117647,0.4634146341463415,0.5066666666666667,19,15,22,145
keras,10,16,SVM,0.6521739130434783,0.36585365853658536,0.46875,15,8,26,152
keras,11,17,NB,0.0,0.0,0.0,0,0,41,160
keras,11,17,LR,0.6666666666666666,0.5365853658536586,0.5945945945945946,22,11,19,149
keras,11,17,SVM,0.8076923076923077,0.5121951219512195,0.6268656716417911,21,5,20,155
keras,12,18,NB,0.0,0.0,0.0,0,0,41,160
keras,12,18,LR,0.6326530612244898,0.7560975609756098,0.6888888888888889,31,18,10,142
keras,12,18,SVM,0.75,0.6585365853658537,0.7012987012987013,27,9,14,151
keras,13,19,NB,0.0,0.0,0.0,0,0,41,160
keras,13,19,LR,0.7631578947368421,0.7073170731707317,0.7341772151898734,29,9,12,151
keras,13,19,SVM,0.8275862068965517,0.5853658536585366,0.6857142857142857,24,5,17,155
keras,14,20,NB,0.0,0.0,0.0,0,0,41,160
keras,14,20,LR,0.7,0.6829268292682927,0.691358024691358,28,12,13,148
keras,14,20,SVM,0.6774193548387096,0.5121951219512195,0.5833333333333334,21,10,20,150
keras,15,21,NB,0.0,0.0,0.0,0,0,41,160
keras,15,21,LR,0.7105263157894737,0.6585365853658537,0.6835443037974683,27,11,14,149
keras,15,21,SVM,0.7333333333333333,0.5365853658536586,0.6197183098591549,22,8,19,152
keras,16,22,NB,0.0,0.0,0.0,0,0,41,160
keras,16,22,LR,0.6585365853658537,0.6585365853658537,0.6585365853658537,27,14,14,146
keras,16,22,SVM,0.7419354838709677,0.5609756097560976,0.6388888888888888,23,8,18,152
keras,17,23,NB,0.0,0.0,0.0,0,0,41,160
keras,17,23,LR,0.6829268292682927,0.6829268292682927,0.6829268292682927,28,13,13,147
keras,17,23,SVM,0.6551724137931034,0.4634146341463415,0.5428571428571428,19,10,22,150
keras,18,24,NB,0.0,0.0,0.0,0,0,41,160
keras,18,24,LR,0.6923076923076923,0.6585365853658537,0.675,27,12,14,148
keras,18,24,SVM,0.76,0.4634146341463415,0.5757575757575758,19,6,22,154
keras,19,25,NB,0.0,0.0,0.0,0,0,41,160
keras,19,25,LR,0.7058823529411765,0.5853658536585366,0.64,24,10,17,150
keras,19,25,SVM,0.8095238095238095,0.4146341463414634,0.5483870967741935,17,4,24,156
keras,20,26,NB,0.0,0.0,0.0,0,0,41,160
keras,20,26,LR,0.6097560975609756,0.6097560975609756,0.6097560975609756,25,16,16,144
keras,20,26,SVM,0.6296296296296297,0.4146341463414634,0.5,17,10,24,150
keras,21,27,NB,0.0,0.0,0.0,0,0,41,160
keras,21,27,LR,0.7272727272727273,0.5853658536585366,0.6486486486486487,24,9,17,151
keras,21,27,SVM,0.7857142857142857,0.5365853658536586,0.6376811594202898,22,6,19,154
keras,22,28,NB,0.0,0.0,0.0,0,0,41,160
keras,22,28,LR,0.6944444444444444,0.6097560975609756,0.6493506493506493,25,11,16,149
keras,22,28,SVM,0.84,0.5121951219512195,0.6363636363636364,21,4,20,156
keras,23,29,NB,0.0,0.0,0.0,0,0,41,160
keras,23,29,LR,0.5333333333333333,0.5853658536585366,0.5581395348837209,24,21,17,139
keras,23,29,SVM,0.5757575757575758,0.4634146341463415,0.5135135135135135,19,14,22,146
keras,24,30,NB,0.0,0.0,0.0,0,0,41,160
keras,24,30,LR,0.5384615384615384,0.5121951219512195,0.525,21,18,20,142
keras,24,30,SVM,0.5862068965517241,0.4146341463414634,0.4857142857142857,17,12,24,148
keras,25,31,NB,0.0,0.0,0.0,0,0,41,160
keras,25,31,LR,0.6410256410256411,0.6097560975609756,0.625,25,14,16,146
keras,25,31,SVM,0.68,0.4146341463414634,0.5151515151515151,17,8,24,152
keras,26,32,NB,0.0,0.0,0.0,0,0,41,160
keras,26,32,LR,0.6785714285714286,0.4634146341463415,0.5507246376811594,19,9,22,151
keras,26,32,SVM,0.8,0.3902439024390244,0.5245901639344263,16,4,25,156
keras,27,33,NB,0.0,0.0,0.0,0,0,41,160
keras,27,33,LR,0.6904761904761905,0.7073170731707317,0.6987951807228916,29,13,12,147
keras,27,33,SVM,0.8846153846153846,0.5609756097560976,0.6865671641791045,23,3,18,157
keras,28,34,NB,0.0,0.0,0.0,0,0,41,160
keras,28,34,LR,0.6486486486486487,0.5853658536585366,0.6153846153846154,24,13,17,147
keras,28,34,SVM,0.7083333333333334,0.4146341463414634,0.5230769230769231,17,7,24,153
keras,29,35,NB,0.0,0.0,0.0,0,0,41,160
keras,29,35,LR,0.7272727272727273,0.7804878048780488,0.7529411764705882,32,12,9,148
keras,29,35,SVM,0.7419354838709677,0.5609756097560976,0.6388888888888888,23,8,18,152
keras,30,36,NB,0.0,0.0,0.0,0,0,41,160
keras,30,36,LR,0.6756756756756757,0.6097560975609756,0.6410256410256411,25,12,16,148
keras,30,36,SVM,0.7142857142857143,0.4878048780487805,0.5797101449275363,20,8,21,152
pytorch,1,7,NB,0.0,0.0,0.0,0,0,29,197
pytorch,1,7,LR,0.75,0.5172413793103449,0.6122448979591837,15,5,14,192
pytorch,1,7,SVM,0.8181818181818182,0.3103448275862069,0.45,9,2,20,195
pytorch,2,8,NB,0.0,0.0,0.0,0,0,29,197
pytorch,2,8,LR,0.48148148148148145,0.4482758620689655,0.4642857142857143,13,14,16,183
pytorch,2,8,SVM,0.7333333333333333,0.3793103448275862,0.5,11,4,18,193
pytorch,3,9,NB,0.0,0.0,0.0,0,0,29,197
pytorch,3,9,LR,0.7,0.7241379310344828,0.711864406779661,21,9,8,188
pytorch,3,9,SVM,0.9230769230769231,0.41379310344827586,0.5714285714285714,12,1,17,196
pytorch,4,10,NB,0.0,0.0,0.0,0,0,29,197
pytorch,4,10,LR,0.5,0.5517241379310345,0.5245901639344263,16,16,13,181
pytorch,4,10,SVM,0.5789473684210527,0.3793103448275862,0.4583333333333333,11,8,18,189
pytorch,5,11,NB,0.0,0.0,0.0,0,0,29,197
pytorch,5,11,LR,0.6,0.7241379310344828,0.65625,21,14,8,183
pytorch,5,11,SVM,0.7727272727272727,0.5862068965517241,0.6666666666666666,17,5,12,192
pytorch,6,12,NB,0.0,0.0,0.0,0,0,29,197
pytorch,6,12,LR,0.6896551724137931,0.6896551724137931,0.6896551724137931,20,9,9,188
pytorch,6,12,SVM,0.7777777777777778,0.4827586206896552,0.5957446808510638,14,4,15,193
pytorch,7,13,NB,0.0,0.0,0.0,0,0,29,197
pytorch,7,13,LR,0.75,0.6206896551724138,0.6792452830188679,18,6,11,191
pytorch,7,13,SVM,0.9333333333333333,0.4827586206896552,0.6363636363636364,14,1,15,196
pytorch,8,14,NB,0.0,0.0,0.0,0,0,29,197
pytorch,8,14,LR,0.8947368421052632,0.5862068965517241,0.7083333333333334,17,2,12,195
pytorch,8,14,SVM,1.0,0.3793103448275862,0.55,11,0,18,197
pytorch,9,15,NB,0.0,0.0,0.0,0,0,29,197
pytorch,9,15,LR,0.5526315789473685,0.7241379310344828,0.6268656716417911,21,17,8,180
pytorch,9,15,SVM,0.7727272727272727,0.5862068965517241,0.6666666666666666,17,5,12,192
pytorch,10,16,NB,0.0,0.0,0.0,0,0,29,197
pytorch,10,16,LR,0.5483870967741935,0.5862068965517241,0.5666666666666667,17,14,12,183
pytorch,10,16,SVM,0.6666666666666666,0.4827586206896552,0.56,14,7,15,190
pytorch,11,17,NB,0.0,0.0,0.0,0,0,29,197
pytorch,11,17,LR,0.8421052631578947,0.5517241379310345,0.6666666666666666,16,3,13,194
pytorch,11,17,SVM,0.8888888888888888,0.27586206896551724,0.42105263157894735,8,1,21,196
pytorch,12,18,NB,0.0,0.0,0.0,0,0,29,197
pytorch,12,18,LR,0.5,0.41379310344827586,0.4528301886792453,12,12,17,185
pytorch,12,18,SVM,0.5833333333333334,0.2413793103448276,0.34146341463414637,7,5,22,192
pytorch,13,19,NB,0.0,0.0,0.0,0,0,29,197
pytorch,13,19,LR,0.6206896551724138,0.6206896551724138,0.6206896551724138,18,11,11,186
pytorch,13,19,SVM,0.7647058823529411,0.4482758620689655,0.5652173913043478,13,4,16,193
pytorch,14,20,NB,0.0,0.0,0.0,0,0,29,197
pytorch,14,20,LR,0.48148148148148145,0.4482758620689655,0.4642857142857143,13,14,16,183
pytorch,14,20,SVM,0.6363636363636364,0.2413793103448276,0.35,7,4,22,193
pytorch,15,21,NB,0.0,0.0,0.0,0,0,29,197
pytorch,15,21,LR,0.4864864864864865,0.6206896551724138,0.5454545454545454,18,19,11,178
pytorch,15,21,SVM,0.6842105263157895,0.4482758620689655,0.5416666666666666,13,6,16,191
pytorch,16,22,NB,0.0,0.0,0.0,0,0,29,197
pytorch,16,22,LR,0.4594594594594595,0.5862068965517241,0.5151515151515151,17,20,12,177
pytorch,16,22,SVM,0.5217391304347826,0.41379310344827586,0.46153846153846156,12,11,17,186
pytorch,17,23,NB,0.0,0.0,0.0,0,0,29,197
pytorch,17,23,LR,0.7058823529411765,0.41379310344827586,0.5217391304347826,12,5,17,192
pytorch,17,23,SVM,0.8888888888888888,0.27586206896551724,0.42105263157894735,8,1,21,196
pytorch,18,24,NB,0.0,0.0,0.0,0,0,29,197
pytorch,18,24,LR,0.6538461538461539,0.5862068965517241,0.6181818181818182,17,9,12,188
pytorch,18,24,SVM,0.7647058823529411,0.4482758620689655,0.5652173913043478,13,4,16,193
pytorch,19,25,NB,0.0,0.0,0.0,0,0,29,197
pytorch,19,25,LR,0.631578947368421,0.41379310344827586,0.5,12,7,17,190
pytorch,19,25,SVM,0.875,0.2413793103448276,0.3783783783783784,7,1,22,196
pytorch,20,26,NB,0.0,0.0,0.0,0,0,29,197
pytorch,20,26,LR,0.5277777777777778,0.6551724137931034,0.5846153846153846,19,17,10,180
pytorch,20,26,SVM,0.7272727272727273,0.5517241379310345,0.6274509803921569,16,6,13,191
pytorch,21,27,NB,0.0,0.0,0.0,0,0,29,197
pytorch,21,27,LR,0.59375,0.6551724137931034,0.6229508196721312,19,13,10,184
pytorch,21,27,SVM,0.7333333333333333,0.3793103448275862,0.5,11,4,18,193
pytorch,22,28,NB,0.0,0.0,0.0,0,0,29,197
pytorch,22,28,LR,0.7777777777777778,0.4827586206896552,0.5957446808510638,14,4,15,193
pytorch,22,28,SVM,0.8181818181818182,0.3103448275862069,0.45,9,2,20,195
pytorch,23,29,NB,0.0,0.0,0.0,0,0,29,197
pytorch,23,29,LR,0.6129032258064516,0.6551724137931034,0.6333333333333333,19,12,10,185
pytorch,23,29,SVM,0.7222222222222222,0.4482758620689655,0.5531914893617021,13,5,16,192
pytorch,24,30,NB,0.0,0.0,0.0,0,0,29,197
pytorch,24,30,LR,0.6428571428571429,0.6206896551724138,0.631578947368421,18,10,11,187
pytorch,24,30,SVM,0.7692307692307693,0.3448275862068966,0.47619047619047616,10,3,19,194
pytorch,25,31,NB,0.0,0.0,0.0,0,0,29,197
pytorch,25,31,LR,0.6551724137931034,0.6551724137931034,0.6551724137931034,19,10,10,187
pytorch,25,31,SVM,0.8823529411764706,0.5172413793103449,0.6521739130434783,15,2,14,195
pytorch,26,32,NB,0.0,0.0,0.0,0,0,29,197
pytorch,26,32,LR,0.6071428571428571,0.5862068965517241,0.5964912280701754,17,11,12,186
pytorch,26,32,SVM,1.0,0.4827586206896552,0.6511627906976745,14,0,15,197
pytorch,27,33,NB,0.0,0.0,0.0,0,0,29,197
pytorch,27,33,LR,0.5555555555555556,0.5172413793103449,0.5357142857142857,15,12,14,185
pytorch,27,33,SVM,0.6666666666666666,0.27586206896551724,0.3902439024390244,8,4,21,193
pytorch,28,34,NB,0.0,0.0,0.0,0,0,29,197
pytorch,28,34,LR,0.5,0.4482758620689655,0.4727272727272727,13,13,16,184
pytorch,28,34,SVM,0.6923076923076923,0.3103448275862069,0.42857142857142855,9,4,20,193
pytorch,29,35,NB,0.0,0.0,0.0,0,0,29,197
pytorch,29,35,LR,0.5769230769230769,0.5172413793103449,0.5454545454545454,15,11,14,186
pytorch,29,35,SVM,0.6666666666666666,0.41379310344827586,0.5106382978723404,12,6,17,191
pytorch,30,36,NB,0.0,0.0,0.0,0,0,29,197
pytorch,30,36,LR,0.48148148148148145,0.4482758620689655,0.4642857142857143,13,14,16,183
pytorch,30,36,SVM,0.6923076923076923,0.3103448275862069,0.42857142857142855,9,4,20,193
tensorflow,1,7,NB,0.0,0.0,0.0,0,0,84,363
tensorflow,1,7,LR,0.6,0.75,0.6666666666666666,63,42,21,321
tensorflow,1,7,SVM,0.7567567567567568,0.6666666666666666,0.7088607594936709,56,18,28,345
tensorflow,2,8,NB,0.0,0.0,0.0,0,0,84,363
tensorflow,2,8,LR,0.7010309278350515,0.8095238095238095,0.7513812154696132,68,29,16,334
tensorflow,2,8,SVM,0.7692307692307693,0.7142857142857143,0.7407407407407407,60,18,24,345
tensorflow,3,9,NB,0.0,0.0,0.0,0,0,84,363
tensorflow,3,9,LR,0.7142857142857143,0.7738095238095238,0.7428571428571429,65,26,19,337
tensorflow,3,9,SVM,0.7746478873239436,0.6547619047619048,0.7096774193548387,55,16,29,347
tensorflow,4,10,NB,0.0,0.0,0.0,0,0,84,363
tensorflow,4,10,LR,0.6698113207547169,0.8452380952380952,0.7473684210526316,71,35,13,328
tensorflow,4,10,SVM,0.7411764705882353,0.75,0.7455621301775148,63,22,21,341
tensorflow,5,11,NB,0.0,0.0,0.0,0,0,84,363
tensorflow,5,11,LR,0.6630434782608695,0.7261904761904762,0.6931818181818182,61,31,23,332
tensorflow,5,11,SVM,0.75,0.6071428571428571,0.6710526315789473,51,17,33,346
tensorflow,6,12,NB,0.0,0.0,0.0,0,0,84,363
tensorflow,6,12,LR,0.6037735849056604,0.7619047619047619,0.6736842105263158,64,42,20,321
tensorflow,6,12,SVM,0.7638888888888888,0.6547619047619048,0.7051282051282052,55,17,29,346
tensorflow,7,13,NB,0.0,0.0,0.0,0,0,84,363
tensorflow,7,13,LR,0.6632653061224489,0.7738095238095238,0.7142857142857143,65,33,19,330
tensorflow,7,13,SVM,0.8157894736842105,0.7380952380952381,0.775,62,14,22,349
tensorflow,8,14,NB,0.0,0.0,0.0,0,0,84,363
tensorflow,8,14,LR,0.631578947368421,0.7142857142857143,0.6703910614525139,60,35,24,328
tensorflow,8,14,SVM,0.7432432432432432,0.6547619047619048,0.6962025316455697,55,19,29,344
tensorflow,9,15,NB,0.0,0.0,0.0,0,0,84,363
tensorflow,9,15,LR,0.6435643564356436,0.7738095238095238,0.7027027027027027,65,36,19,327
tensorflow,9,15,SVM,0.7261904761904762,0.7261904761904762,0.7261904761904762,61,23,23,340
tensorflow,10,16,NB,0.0,0.0,0.0,0,0,84,363
tensorflow,10,16,LR,0.6226415094339622,0.7857142857142857,0.6947368421052632,66,40,18,323
tensorflow,10,16,SVM,0.7341772151898734,0.6904761904761905,0.7116564417177914,58,21,26,342
tensorflow,11,17,NB,0.0,0.0,0.0,0,0,84,363
tensorflow,11,17,LR,0.6451612903225806,0.7142857142857143,0.6779661016949152,60,33,24,330
tensorflow,11,17,SVM,0.7083333333333334,0.6071428571428571,0.6538461538461539,51,21,33,342
tensorflow,12,18,NB,0.0,0.0,0.0,0,0,84,363
tensorflow,12,18,LR,0.6415094339622641,0.8095238095238095,0.7157894736842105,68,38,16,325
tensorflow,12,18,SVM,0.7361111111111112,0.6309523809523809,0.6794871794871795,53,19,31,344
tensorflow,13,19,NB,0.0,0.0,0.0,0,0,84,363
tensorflow,13,19,LR,0.6203703703703703,0.7976190476190477,0.6979166666666666,67,41,17,322
tensorflow,13,19,SVM,0.7195121951219512,0.7023809523809523,0.7108433734939759,59,23,25,340
tensorflow,14,20,NB,0.0,0.0,0.0,0,0,84,363
tensorflow,14,20,LR,0.6597938144329897,0.7619047619047619,0.7071823204419889,64,33,20,330
tensorflow,14,20,SVM,0.8181818181818182,0.6428571428571429,0.72,54,12,30,351
tensorflow,15,21,NB,0.0,0.0,0.0,0,0,84,363
tensorflow,15,21,LR,0.6947368421052632,0.7857142857142857,0.7374301675977654,66,29,18,334
tensorflow,15,21,SVM,0.8356164383561644,0.7261904761904762,0.7770700636942676,61,12,23,351
tensorflow,16,22,NB,0.0,0.0,0.0,0,0,84,363
tensorflow,16,22,LR,0.723404255319149,0.8095238095238095,0.7640449438202247,68,26,16,337
tensorflow,16,22,SVM,0.7692307692307693,0.7142857142857143,0.7407407407407407,60,18,24,345
tensorflow,17,23,NB,0.0,0.0,0.0,0,0,84,363
tensorflow,17,23,LR,0.5818181818181818,0.7619047619047619,0.6597938144329897,64,46,20,317
tensorflow,17,23,SVM,0.6794871794871795,0.6309523809523809,0.654320987654321,53,25,31,338
tensorflow,18,24,NB,0.0,0.0,0.0,0,0,84,363
tensorflow,18,24,LR,0.6666666666666666,0.7857142857142857,0.7213114754098361,66,33,18,330
tensorflow,18,24,SVM,0.7671232876712328,0.6666666666666666,0.7133757961783439,56,17,28,346
tensorflow,19,25,NB,0.0,0.0,0.0,0,0,84,363
tensorflow,19,25,LR,0.6138613861386139,0.7380952380952381,0.6702702702702703,62,39,22,324
tensorflow,19,25,SVM,0.7297297297297297,0.6428571428571429,0.6835443037974683,54,20,30,343
tensorflow,20,26,NB,0.0,0.0,0.0,0,0,84,363
tensorflow,20,26,LR,0.5855855855855856,0.7738095238095238,0.6666666666666666,65,46,19,317
tensorflow,20,26,SVM,0.75,0.6428571428571429,0.6923076923076923,54,18,30,345
tensorflow,21,27,NB,0.0,0.0,0.0,0,0,84,363
tensorflow,21,27,LR,0.6794871794871795,0.6309523809523809,0.654320987654321,53,25,31,338
tensorflow,21,27,SVM,0.7575757575757576,0.5952380952380952,0.6666666666666666,50,16,34,347
tensorflow,22,28,NB,0.0,0.0,0.0,0,0,84,363
tensorflow,22,28,LR,0.66,0.7857142857142857,0.717391304347826,66,34,18,329
tensorflow,22,28,SVM,0.8169014084507042,0.6904761904761905,0.7483870967741936,58,13,26,350
tensorflow,23,29,NB,0.0,0.0,0.0,0,0,84,363
tensorflow,23,29,LR,0.6632653061224489,0.7738095238095238,0.7142857142857143,65,33,19,330
tensorflow,23,29,SVM,0.7671232876712328,0.6666666666666666,0.7133757961783439,56,17,28,346
tensorflow,24,30,NB,0.0,0.0,0.0,0,0,84,363
tensorflow,24,30,LR,0.6336633663366337,0.7619047619047619,0.6918918918918919,64,37,20,326
tensorflow,24,30,SVM,0.7794117647058824,0.6309523809523809,0.6973684210526315,53,15,31,348
tensorflow,25,31,NB,0.0,0.0,0.0,0,0,84,363
tensorflow,25,31,LR,0.6,0.75,0.6666666666666666,63,42,21,321
tensorflow,25,31,SVM,0.6923076923076923,0.6428571428571429,0.6666666666666666,54,24,30,339
tensorflow,26,32,NB,0.0,0.0,0.0,0,0,84,363
tensorflow,26,32,LR,0.5957446808510638,0.6666666666666666,0.6292134831460674,56,38,28,325
tensorflow,26,32,SVM,0.7230769230769231,0.5595238095238095,0.6308724832214765,47,18,37,345
tensorflow,27,33,NB,0.0,0.0,0.0,0,0,84,363
tensorflow,27,33,LR,0.6354166666666666,0.7261904761904762,0.6777777777777778,61,35,23,328
tensorflow,27,33,SVM,0.7333333333333333,0.6547619047619048,0.6918238993710691,55,20,29,343
tensorflow,28,34,NB,0.0,0.0,0.0,0,0,84,363
tensorflow,28,34,LR,0.7070707070707071,0.8333333333333334,0.7650273224043715,70,29,14,334
tensorflow,28,34,SVM,0.8194444444444444,0.7023809523809523,0.7564102564102564,59,13,25,350
tensorflow,29,35,NB,0.0,0.0,0.0,0,0,84,363
tensorflow,29,35,LR,0.686046511627907,0.7023809523809523,0.6941176470588235,59,27,25,336
tensorflow,29,35,SVM,0.8333333333333334,0.6547619047619048,0.7333333333333333,55,11,29,352
tensorflow,30,36,NB,0.0,0.0,0.0,0,0,84,363
tensorflow,30,36,LR,0.6774193548387096,0.75,0.711864406779661,63,30,21,333
tensorflow,30,36,SVM,0.7638888888888888,0.6547619047619048,0.7051282051282052,55,17,29,346
